{
"id": 3129307,
"object_keys": {
 "AssetAuditFinalStatus": null,
        "AssetAuditComments": null,
        "SAPCategoryLevel": null,
        "SAPProductCode": null,
        "OriginalAssetURL": "TEST-FLOR-3",
        "ThumbnailURL": null,
        "Thumbnail1URL": null,
        "BigThumbnailURL": null,
        "PreviewURL": null,
        "Desktop1URL": null,
        "Desktop2URL": null,
        "Mobile1URL": null,
        "Mobile2URL": null,
        "PSDHighResURL": null,
        "PSDLowResURL":null
		}
		}