{"main":"sitecore-system-papi.raml","name":"SiteCore System PAPI","organizationId":"5c4f07af-8f57-4104-a9ae-2779234b4592","groupId":"5c4f07af-8f57-4104-a9ae-2779234b4592","assetId":"sitecore-system-papi","version":"1.0.1","metadata":{"branchId":"master","commitId":"a91976b61d700f5dd060fd0b4e07066f6539f931","projectId":"47304e5d-5a9a-46e4-97fc-305aac8c4fbc"},"apiVersion":"v1","classifier":"raml","dependencies":[{"assetId":"basic-authentication","groupId":"5c4f07af-8f57-4104-a9ae-2779234b4592","version":"1.0.0"},{"assetId":"standard-http-request-header","groupId":"5c4f07af-8f57-4104-a9ae-2779234b4592","version":"1.0.0"},{"assetId":"standard-error-response-library","groupId":"5c4f07af-8f57-4104-a9ae-2779234b4592","version":"1.0.0"}],"tags":[],"originalFormatVersion":"1.0"}